{
  "client_accs": [
    0.25133234641006663,
    0.7457142857142857,
    0.7457142857142857,
    0.741280532938564,
    0.6972686898593634,
    0.7457142857142857,
    0.7457142857142857,
    0.2380236861584012,
    0.677779422649889,
    0.42014063656550704,
    0.7457142857142857,
    0.5470096225018505,
    0.7457142857142857,
    0.022738712065136935,
    0.7457142857142857
  ],
  "avg_client_acc": 0.5877049099432519,
  "avg_modality_acc": {
    "acce": 0.636262028127313,
    "gyro": 0.5654744633604737,
    "mage": 0.5613782383419689
  }
}