{
  "client_accs": [
    0.324955223880597,
    0.32904477611940297,
    0.4335597014925373,
    0.2032537313432836,
    0.40125373134328357,
    0.5949477611940298,
    0.6051343283582089,
    0.3378731343283582,
    0.375365671641791,
    0.41828358208955224,
    0.7382388059701492,
    0.5121268656716418,
    0.7409328358208955,
    0.4585671641791045,
    0.582410447761194
  ],
  "avg_client_acc": 0.4703965174129353,
  "avg_modality_acc": {
    "acce": 0.33841343283582087,
    "gyro": 0.46632089552238803,
    "mage": 0.6064552238805969
  }
}