{
  "client_accs": [
    0.6451451905626134,
    0.36772686025408347,
    0.446043557168784,
    0.6669872958257713,
    0.6931578947368421,
    0.5850680580762251,
    0.5794101633393829,
    0.677540834845735,
    0.26892468239564427,
    0.6917422867513612,
    0.6668602540834846,
    0.6896506352087114,
    0.3327858439201452,
    0.6895780399274047,
    0.2767695099818512
  ],
  "avg_client_acc": 0.5518260738052025,
  "avg_modality_acc": {
    "acce": 0.5638121597096188,
    "gyro": 0.5605372050816697,
    "mage": 0.5311288566243194
  }
}