{
  "client_accs": [
    0.5939674315321983,
    0.5411028867505552,
    0.7095854922279793,
    0.3020725388601036,
    0.05127313101406366,
    0.6064618800888231,
    0.7439970392301999,
    0.09793486306439675,
    0.4170022205773501,
    0.30167283493708363,
    0.7294078460399704,
    0.24466321243523317,
    0.7454848260547743,
    0.18594374537379718,
    0.7150555144337528
  ],
  "avg_client_acc": 0.4657083641746854,
  "avg_modality_acc": {
    "acce": 0.43960029607698,
    "gyro": 0.4334137675795707,
    "mage": 0.5241110288675055
  }
}