{
  "client_accs": [
    0.4773230490018149,
    0.39858439201451906,
    0.32722323049001817,
    0.33404718693284935,
    0.5464019963702359,
    0.42387931034482756,
    0.3945780399274047,
    0.5680399274047186,
    0.11450090744101633,
    0.6501860254083485,
    0.6181488203266787,
    0.6900862068965518,
    0.22276315789473683,
    0.6933529945553539,
    0.6139745916515427
  ],
  "avg_client_acc": 0.4715393224440411,
  "avg_modality_acc": {
    "acce": 0.41671597096188745,
    "gyro": 0.43023684210526325,
    "mage": 0.5676651542649729
  }
}