{
  "client_accs": [
    0.692019056261343,
    0.467459165154265,
    0.6788566243194193,
    0.5331125226860254,
    0.6240335753176044,
    0.4085480943738657,
    0.30774500907441016,
    0.6562976406533575,
    0.08173321234119782,
    0.6191016333938294,
    0.6429083484573502,
    0.6933529945553539,
    0.3709709618874773,
    0.6933529945553539,
    0.18163339382940108
  ],
  "avg_client_acc": 0.5100750151240169,
  "avg_modality_acc": {
    "acce": 0.5990961887477314,
    "gyro": 0.41468511796733215,
    "mage": 0.5164437386569873
  }
}