{
  "client_accs": [
    0.2879866765358993,
    0.7401036269430051,
    0.6742635085122132,
    0.7182457438934123,
    0.5071650629163582,
    0.5468097705403405,
    0.7457142857142857,
    0.2756624722427831,
    0.31797927461139897,
    0.494559585492228,
    0.7137897853441895,
    0.11911917098445596,
    0.7457142857142857,
    0.12046632124352331,
    0.7075869726128794
  ],
  "avg_client_acc": 0.5143444362200839,
  "avg_modality_acc": {
    "acce": 0.5855529237601775,
    "gyro": 0.47614507772020725,
    "mage": 0.4813353071798668
  }
}