{
  "client_accs": [
    0.4049518874907476,
    0.4251221317542561,
    0.5009844559585492,
    0.3554848260547742,
    0.613760177646188,
    0.7264766839378238,
    0.7063064396743153,
    0.33476683937823837,
    0.6743819393042191,
    0.47743893412287197,
    0.7234418948926721,
    0.15888230940044412,
    0.7440266469282013,
    0.20835677276091785,
    0.7206883789785344
  ],
  "avg_client_acc": 0.5183380212188502,
  "avg_modality_acc": {
    "acce": 0.46006069578090303,
    "gyro": 0.5838741672834937,
    "mage": 0.511079200592154
  }
}