{
  "client_accs": [
    0.7437107156380159,
    0.7437107156380159,
    0.7437107156380159,
    0.7443014009844756,
    0.7437107156380159,
    0.7437107156380159,
    0.7345740249905339,
    0.5381635744036349,
    0.5814577811435062,
    0.5593638773191972,
    0.7437107156380159,
    0.7349791745550928,
    0.7437031427489588,
    0.7259598636879969,
    0.7437107156380159
  ],
  "avg_client_acc": 0.7045651899533005,
  "avg_modality_acc": {
    "acce": 0.7438288527073078,
    "gyro": 0.6314539946989777,
    "mage": 0.7384127224536161
  }
}