{
  "client_accs": [
    0.6933529945553539,
    0.6933529945553539,
    0.5798321234119782,
    0.6933529945553539,
    0.6933529945553539,
    0.6826633393829401,
    0.6728675136116152,
    0.6933529945553539,
    0.04636569872958258,
    0.6933529945553539,
    0.6286660617059892,
    0.6933529945553539,
    0.21650181488203266,
    0.6933529945553539,
    0.6933529945553539
  ],
  "avg_client_acc": 0.6044715668481548,
  "avg_modality_acc": {
    "acce": 0.6706488203266788,
    "gyro": 0.5577205081669692,
    "mage": 0.5850453720508167
  }
}