{
  "client_accs": [
    0.5339337568058076,
    0.44333484573502724,
    0.44401996370235935,
    0.5124228675136117,
    0.6088656987295826,
    0.6245780399274047,
    0.5425589836660617,
    0.6096098003629764,
    0.19436025408348456,
    0.6879900181488203,
    0.6859709618874773,
    0.6933529945553539,
    0.35650181488203264,
    0.6933529945553539,
    0.43294464609800365
  ],
  "avg_client_acc": 0.5375865093768905,
  "avg_modality_acc": {
    "acce": 0.5085154264972778,
    "gyro": 0.5318194192377496,
    "mage": 0.5724246823956443
  }
}