{
  "client_accs": [
    0.2882309400444115,
    0.7457142857142857,
    0.7457142857142857,
    0.7545151739452257,
    0.7385048112509253,
    0.694641006661732,
    0.7457142857142857,
    0.30300518134715027,
    0.6241154700222058,
    0.5441672834937084,
    0.7454700222057735,
    0.7373649148778683,
    0.7457142857142857,
    0.5944929681717247,
    0.7457142857142857
  ],
  "avg_client_acc": 0.650205280039477,
  "avg_modality_acc": {
    "acce": 0.6545358993338268,
    "gyro": 0.5823286454478164,
    "mage": 0.7137512953367875
  }
}