{
  "client_accs": [
    0.5922575869726129,
    0.7454182087342709,
    0.7457142857142857,
    0.7267875647668394,
    0.7416284233900814,
    0.7331088082901555,
    0.7457142857142857,
    0.24289415247964471,
    0.7216432272390821,
    0.5758031088082901,
    0.7457142857142857,
    0.6847742413027387,
    0.7457142857142857,
    0.022738712065136935,
    0.7456920799407846
  ],
  "avg_client_acc": 0.6343735504564519,
  "avg_modality_acc": {
    "acce": 0.710361213915618,
    "gyro": 0.6038327165062916,
    "mage": 0.5889267209474462
  }
}