{
  "client_accs": [
    0.6931896551724138,
    0.6929446460980037,
    0.28166969147005444,
    0.6525,
    0.6933121597096189,
    0.43243647912885663,
    0.3663475499092559,
    0.6933529945553539,
    0.1406261343012704,
    0.6928720508166969,
    0.6736524500907441,
    0.6933529945553539,
    0.46131125226860253,
    0.6933529945553539,
    0.5136660617059892
  ],
  "avg_client_acc": 0.5583058076225045,
  "avg_modality_acc": {
    "acce": 0.6027232304900182,
    "gyro": 0.4651270417422867,
    "mage": 0.6070671506352087
  }
}