{
  "client_accs": [
    0.30659511472982975,
    0.7457068837897853,
    0.7457142857142857,
    0.5433382679496669,
    0.09687638786084382,
    0.7457142857142857,
    0.7457142857142857,
    0.7313619541080681,
    0.39297557364914876,
    0.2876239822353812,
    0.7457142857142857,
    0.20240562546262028,
    0.7457142857142857,
    0.09301258327165063,
    0.7457142857142857
  ],
  "avg_client_acc": 0.5249454724895138,
  "avg_modality_acc": {
    "acce": 0.4876461880088823,
    "gyro": 0.5806780162842339,
    "mage": 0.5065122131754256
  }
}