{
  "client_accs": [
    0.6927683197631385,
    0.7456846780162842,
    0.7103774981495189,
    0.728341968911917,
    0.5736269430051814,
    0.7078312361213915,
    0.7456920799407846,
    0.24758697261287935,
    0.717438934122872,
    0.5872464840858623,
    0.7457142857142857,
    0.7453886010362695,
    0.7457142857142857,
    0.6746039970392302,
    0.7457142857142857
  ],
  "avg_client_acc": 0.6742487046632125,
  "avg_modality_acc": {
    "acce": 0.690159881569208,
    "gyro": 0.601159141376758,
    "mage": 0.7314270910436713
  }
}