{
  "client_accs": [
    0.04241044776119403,
    0.3061716417910448,
    0.4693582089552239,
    0.07549253731343283,
    0.47101492537313433,
    0.6011716417910448,
    0.47603731343283584,
    0.06338059701492538,
    0.22542537313432837,
    0.3823955223880597,
    0.7036492537313432,
    0.03219402985074627,
    0.7436268656716418,
    0.06594776119402986,
    0.1143731343283582
  ],
  "avg_client_acc": 0.31817661691542287,
  "avg_modality_acc": {
    "acce": 0.27288955223880595,
    "gyro": 0.34968208955223884,
    "mage": 0.3319582089552239
  }
}