{
  "client_accs": [
    0.6466666666666666,
    0.18222222222222223,
    0.27944444444444444,
    0.40444444444444444,
    0.23,
    0.6983333333333334,
    0.13444444444444445,
    0.16722222222222222,
    0.6983333333333334,
    0.6983333333333334,
    0.30777777777777776,
    0.4572222222222222,
    0.4533333333333333,
    0.4444444444444444,
    0.45611111111111113
  ],
  "avg_client_acc": 0.4172222222222222,
  "avg_modality_acc": {
    "acce": 0.3485555555555555,
    "rgb": 0.4793333333333333,
    "depth": 0.42377777777777775
  }
}