{
  "client_accs": [
    0.6813636363636364,
    0.6540909090909091,
    0.5204545454545455,
    0.505,
    0.17227272727272727,
    0.6813636363636364,
    0.6813636363636364,
    0.6813636363636364,
    0.6813636363636364,
    0.6813636363636364,
    0.6427272727272727,
    0.655,
    0.45181818181818184,
    0.605909090909091,
    0.6718181818181819
  ],
  "avg_client_acc": 0.5978181818181819,
  "avg_modality_acc": {
    "acce": 0.5066363636363637,
    "rgb": 0.6813636363636364,
    "depth": 0.6054545454545455
  }
}