{
  "client_accs": [
    0.6238888888888889,
    0.15444444444444444,
    0.22833333333333333,
    0.34944444444444445,
    0.2461111111111111,
    0.6983333333333334,
    0.13444444444444445,
    0.16722222222222222,
    0.6983333333333334,
    0.6983333333333334,
    0.3844444444444444,
    0.45055555555555554,
    0.37555555555555553,
    0.4855555555555556,
    0.49
  ],
  "avg_client_acc": 0.4123333333333334,
  "avg_modality_acc": {
    "acce": 0.3204444444444444,
    "rgb": 0.4793333333333333,
    "depth": 0.4372222222222222
  }
}