{
  "client_accs": [
    0.6144444444444445,
    0.13277777777777777,
    0.21777777777777776,
    0.2922222222222222,
    0.10666666666666667,
    0.6983333333333334,
    0.13444444444444445,
    0.16722222222222222,
    0.6983333333333334,
    0.6983333333333334,
    0.3461111111111111,
    0.4727777777777778,
    0.43944444444444447,
    0.4488888888888889,
    0.45666666666666667
  ],
  "avg_client_acc": 0.394962962962963,
  "avg_modality_acc": {
    "acce": 0.2727777777777778,
    "rgb": 0.4793333333333333,
    "depth": 0.43277777777777776
  }
}