{
  "client_accs": [
    0.6066666666666667,
    0.23555555555555555,
    0.24,
    0.5522222222222222,
    0.34444444444444444,
    0.6755555555555556,
    0.19666666666666666,
    0.38666666666666666,
    0.5522222222222222,
    0.5272222222222223,
    0.41555555555555557,
    0.47055555555555556,
    0.43,
    0.4777777777777778,
    0.4588888888888889
  ],
  "avg_client_acc": 0.43799999999999994,
  "avg_modality_acc": {
    "acce": 0.39577777777777773,
    "rgb": 0.4676666666666667,
    "depth": 0.45055555555555554
  }
}