{
  "client_accs": [
    0.6813636363636364,
    0.6590909090909091,
    0.6722727272727272,
    0.6804545454545454,
    0.5395454545454546,
    0.6813636363636364,
    0.6813636363636364,
    0.6813636363636364,
    0.6813636363636364,
    0.6813636363636364,
    0.7118181818181818,
    0.6404545454545455,
    0.7159090909090909,
    0.6754545454545454,
    0.665
  ],
  "avg_client_acc": 0.6698787878787881,
  "avg_modality_acc": {
    "acce": 0.6465454545454545,
    "rgb": 0.6813636363636364,
    "depth": 0.6817272727272727
  }
}