{
  "client_accs": [
    0.6813636363636364,
    0.44772727272727275,
    0.4486363636363636,
    0.4940909090909091,
    0.38545454545454544,
    0.6813636363636364,
    0.4727272727272727,
    0.37681818181818183,
    0.6813636363636364,
    0.6813636363636364,
    0.545,
    0.5027272727272727,
    0.5277272727272727,
    0.5231818181818182,
    0.5504545454545454
  ],
  "avg_client_acc": 0.5333333333333333,
  "avg_modality_acc": {
    "acce": 0.4914545454545454,
    "rgb": 0.5787272727272728,
    "depth": 0.5298181818181817
  }
}