{
  "client_accs": [
    0.6655555555555556,
    0.315,
    0.21,
    0.5933333333333334,
    0.35333333333333333,
    0.5905555555555555,
    0.22,
    0.33944444444444444,
    0.6211111111111111,
    0.7005555555555556,
    0.5316666666666666,
    0.6744444444444444,
    0.6116666666666667,
    0.6266666666666667,
    0.6244444444444445
  ],
  "avg_client_acc": 0.5118518518518518,
  "avg_modality_acc": {
    "acce": 0.42744444444444446,
    "rgb": 0.49433333333333335,
    "depth": 0.6137777777777778
  }
}