{
  "client_accs": [
    0.6133333333333333,
    0.34,
    0.19277777777777777,
    0.5444444444444444,
    0.35444444444444445,
    0.6983333333333334,
    0.13444444444444445,
    0.16722222222222222,
    0.6983333333333334,
    0.6983333333333334,
    0.4361111111111111,
    0.5661111111111111,
    0.5788888888888889,
    0.5461111111111111,
    0.5811111111111111
  ],
  "avg_client_acc": 0.4766666666666666,
  "avg_modality_acc": {
    "acce": 0.409,
    "rgb": 0.4793333333333333,
    "depth": 0.5416666666666666
  }
}