{
  "client_accs": [
    0.789080459770115,
    0.5106896551724138,
    0.5483908045977012,
    0.8747126436781609,
    0.675632183908046,
    0.7616091954022989,
    0.8095402298850575,
    0.6228735632183908,
    0.8917241379310344,
    0.7398850574712643
  ],
  "avg_client_acc": 0.7224137931034483,
  "avg_modality_acc": {
    "acce": 0.6797011494252874,
    "gyro": 0.7651264367816092
  }
}