{
  "client_accs": [
    0.789080459770115,
    0.374367816091954,
    0.6820689655172414,
    0.8732183908045977,
    0.67,
    0.7626436781609195,
    0.8113793103448276,
    0.6220689655172413,
    0.896551724137931,
    0.7455172413793103
  ],
  "avg_client_acc": 0.7226896551724138,
  "avg_modality_acc": {
    "acce": 0.6777471264367816,
    "gyro": 0.767632183908046
  }
}