{
  "client_accs": [
    0.7801149425287356,
    0.4768965517241379,
    0.6150574712643678,
    0.8010344827586207,
    0.7205747126436781,
    0.7548275862068966,
    0.7841379310344827,
    0.5768965517241379,
    0.8567816091954022,
    0.7247126436781609
  ],
  "avg_client_acc": 0.7091034482758621,
  "avg_modality_acc": {
    "acce": 0.6787356321839081,
    "gyro": 0.7394712643678161
  }
}