{
  "client_accs": [
    0.7817241379310345,
    0.5048275862068966,
    0.6204597701149426,
    0.8133333333333334,
    0.7416091954022989,
    0.7559770114942529,
    0.785632183908046,
    0.577816091954023,
    0.8548275862068966,
    0.726551724137931
  ],
  "avg_client_acc": 0.7162758620689654,
  "avg_modality_acc": {
    "acce": 0.6923908045977012,
    "gyro": 0.7401609195402299
  }
}