{
  "client_accs": [
    0.789080459770115,
    0.45620689655172414,
    0.3005747126436782,
    0.8549425287356321,
    0.6602298850574713,
    0.7608045977011494,
    0.8024137931034483,
    0.6167816091954023,
    0.8829885057471264,
    0.6903448275862069
  ],
  "avg_client_acc": 0.6814367816091954,
  "avg_modality_acc": {
    "acce": 0.6122068965517242,
    "gyro": 0.7506666666666666
  }
}