{
  "client_accs": [
    0.789080459770115,
    0.36666666666666664,
    0.33448275862068966,
    0.8554022988505747,
    0.6871264367816092,
    0.7596551724137931,
    0.8036781609195403,
    0.6188505747126437,
    0.8842528735632184,
    0.6949425287356322
  ],
  "avg_client_acc": 0.6794137931034483,
  "avg_modality_acc": {
    "acce": 0.606551724137931,
    "gyro": 0.7522758620689656
  }
}