{
  "client_accs": [
    0.789080459770115,
    0.36919540229885056,
    0.6848275862068965,
    0.8718390804597701,
    0.7550574712643678,
    0.7113793103448276,
    0.766551724137931,
    0.30114942528735633,
    0.8949425287356322,
    0.7488505747126437
  ],
  "avg_client_acc": 0.689287356321839,
  "avg_modality_acc": {
    "acce": 0.694,
    "gyro": 0.6845747126436782
  }
}