{
  "client_accs": [
    0.789080459770115,
    0.36954022988505747,
    0.662183908045977,
    0.8727586206896552,
    0.7551724137931034,
    0.7113793103448276,
    0.766551724137931,
    0.30114942528735633,
    0.8949425287356322,
    0.7488505747126437
  ],
  "avg_client_acc": 0.68716091954023,
  "avg_modality_acc": {
    "acce": 0.6897471264367816,
    "gyro": 0.6845747126436782
  }
}