{
  "client_accs": [
    0.789080459770115,
    0.4542528735632184,
    0.4325287356321839,
    0.8703448275862069,
    0.7552873563218391,
    0.7655172413793103,
    0.8113793103448276,
    0.3819540229885057,
    0.7239080459770115,
    0.7449425287356322
  ],
  "avg_client_acc": 0.6729195402298851,
  "avg_modality_acc": {
    "acce": 0.6602988505747127,
    "gyro": 0.6855402298850575
  }
}