{
  "client_accs": [
    0.7888505747126436,
    0.44275862068965516,
    0.7547126436781609,
    0.8781609195402299,
    0.7555172413793103,
    0.7657471264367816,
    0.8113793103448276,
    0.6767816091954023,
    0.905632183908046,
    0.7502298850574712
  ],
  "avg_client_acc": 0.7529770114942529,
  "avg_modality_acc": {
    "acce": 0.724,
    "gyro": 0.7819540229885058
  }
}