{
  "client_accs": [
    0.7888505747126436,
    0.5477011494252874,
    0.7547126436781609,
    0.8781609195402299,
    0.7555172413793103,
    0.7657471264367816,
    0.8113793103448276,
    0.6617241379310345,
    0.905632183908046,
    0.7502298850574712
  ],
  "avg_client_acc": 0.7619655172413793,
  "avg_modality_acc": {
    "acce": 0.7449885057471265,
    "gyro": 0.7789425287356322
  }
}