{
  "client_accs": [
    0.789080459770115,
    0.4103448275862069,
    0.3939080459770115,
    0.8731034482758621,
    0.7554022988505747,
    0.7657471264367816,
    0.8113793103448276,
    0.4360919540229885,
    0.9033333333333333,
    0.7502298850574712
  ],
  "avg_client_acc": 0.6888620689655173,
  "avg_modality_acc": {
    "acce": 0.644367816091954,
    "gyro": 0.7333563218390805
  }
}