{
  "client_accs": [
    0.3391044776119403,
    0.8716417910447761,
    0.06067164179104478,
    0.5883582089552238,
    0.5608955223880597,
    0.07328358208955224,
    0.20955223880597015,
    0.9235820895522389,
    0.6118656716417911,
    0.3291044776119403,
    0.6715671641791044,
    0.7694776119402985,
    0.42813432835820897,
    0.7688805970149254,
    0.7707462686567165
  ],
  "avg_client_acc": 0.5317910447761194,
  "avg_modality_acc": {
    "acce": 0.48413432835820897,
    "gyro": 0.4294776119402985,
    "mage": 0.6817611940298507
  }
}