{
  "client_accs": [
    0.006119402985074627,
    1.0,
    0.5176119402985074,
    0.707089552238806,
    1.0,
    0.0,
    0.3103731343283582,
    0.9235820895522389,
    0.6117164179104477,
    0.7707462686567165,
    0.10044776119402984,
    0.7707462686567165,
    0.44455223880597017,
    0.7707462686567165,
    0.7707462686567165
  ],
  "avg_client_acc": 0.5802985074626866,
  "avg_modality_acc": {
    "acce": 0.6461641791044777,
    "gyro": 0.5232835820895523,
    "mage": 0.5714477611940298
  }
}