{
  "client_accs": [
    0.251044776119403,
    0.999776119402985,
    0.20940298507462687,
    0.6711194029850747,
    0.8593283582089553,
    0.0,
    0.4627611940298507,
    0.8095522388059702,
    0.6118656716417911,
    0.22873134328358208,
    0.679179104477612,
    0.7641044776119403,
    0.3867910447761194,
    0.7707462686567165,
    0.7699253731343284
  ],
  "avg_client_acc": 0.564955223880597,
  "avg_modality_acc": {
    "acce": 0.598134328358209,
    "gyro": 0.42258208955223886,
    "mage": 0.6741492537313433
  }
}