{
  "client_accs": [
    0.23850746268656717,
    1.0,
    0.2092537313432836,
    0.6724626865671641,
    0.8421641791044776,
    0.0,
    0.3832089552238806,
    0.9050746268656716,
    0.6118656716417911,
    0.23417910447761195,
    0.679179104477612,
    0.7646268656716418,
    0.3928358208955224,
    0.7707462686567165,
    0.7696268656716417
  ],
  "avg_client_acc": 0.5649154228855722,
  "avg_modality_acc": {
    "acce": 0.5924776119402985,
    "gyro": 0.42686567164179107,
    "mage": 0.6754029850746268
  }
}