{
  "client_accs": [
    0.41440298507462686,
    0.6844776119402985,
    0.056119402985074625,
    0.6223880597014926,
    0.6011940298507462,
    0.023507462686567164,
    0.29761194029850746,
    0.9235820895522389,
    0.6116417910447761,
    0.22850746268656716,
    0.679179104477612,
    0.7667910447761194,
    0.2656716417910448,
    0.7700746268656716,
    0.7705223880597015
  ],
  "avg_client_acc": 0.5143781094527362,
  "avg_modality_acc": {
    "acce": 0.4757164179104477,
    "gyro": 0.4169701492537314,
    "mage": 0.6504477611940298
  }
}