{
  "client_accs": [
    0.4308955223880597,
    0.6582835820895523,
    0.05865671641791045,
    0.6192537313432835,
    0.585,
    0.008208955223880597,
    0.2974626865671642,
    0.9235820895522389,
    0.6118656716417911,
    0.1742537313432836,
    0.679179104477612,
    0.7676865671641792,
    0.26664179104477614,
    0.7704477611940298,
    0.7703731343283582
  ],
  "avg_client_acc": 0.5081194029850746,
  "avg_modality_acc": {
    "acce": 0.4704179104477612,
    "gyro": 0.40307462686567164,
    "mage": 0.650865671641791
  }
}