{
  "client_accs": [
    0.32813432835820894,
    1.0,
    0.12104477611940298,
    0.7142537313432836,
    0.9754477611940299,
    0.009701492537313432,
    0.40805970149253734,
    0.9235820895522389,
    0.5482835820895522,
    0.5548507462686567,
    0.679179104477612,
    0.7607462686567165,
    0.2282089552238806,
    0.7707462686567165,
    0.7707462686567165
  ],
  "avg_client_acc": 0.5861990049751246,
  "avg_modality_acc": {
    "acce": 0.6277761194029851,
    "gyro": 0.48889552238805967,
    "mage": 0.6419253731343284
  }
}