{
  "client_accs": [
    0.32813432835820894,
    1.0,
    0.12104477611940298,
    0.7149253731343284,
    0.9754477611940299,
    0.008507462686567165,
    0.41007462686567164,
    0.9235820895522389,
    0.5473880597014925,
    0.5493283582089552,
    0.679179104477612,
    0.7607462686567165,
    0.2282089552238806,
    0.7707462686567165,
    0.7707462686567165
  ],
  "avg_client_acc": 0.5858706467661693,
  "avg_modality_acc": {
    "acce": 0.6279104477611941,
    "gyro": 0.48777611940298515,
    "mage": 0.6419253731343284
  }
}