{
  "client_accs": [
    0.03373134328358209,
    1.0,
    0.5176119402985074,
    0.707089552238806,
    1.0,
    0.0,
    0.4774626865671642,
    0.9235820895522389,
    0.5764925373134329,
    0.7594776119402985,
    0.679179104477612,
    0.7707462686567165,
    0.44455223880597017,
    0.7707462686567165,
    0.7707462686567165
  ],
  "avg_client_acc": 0.6287611940298509,
  "avg_modality_acc": {
    "acce": 0.6516865671641792,
    "gyro": 0.5474029850746269,
    "mage": 0.6871940298507463
  }
}