{
  "client_accs": [
    0.5829850746268657,
    1.0,
    0.32738805970149254,
    0.707089552238806,
    1.0,
    0.002537313432835821,
    0.1805223880597015,
    0.9235820895522389,
    0.6118656716417911,
    0.12388059701492538,
    0.679179104477612,
    0.7707462686567165,
    0.3567164179104478,
    0.7707462686567165,
    0.7707462686567165
  ],
  "avg_client_acc": 0.5871990049751245,
  "avg_modality_acc": {
    "acce": 0.7234925373134329,
    "gyro": 0.3684776119402985,
    "mage": 0.6696268656716418
  }
}