{
  "client_accs": [
    0.03402985074626866,
    1.0,
    0.5176119402985074,
    0.707089552238806,
    1.0,
    0.0,
    0.48597014925373133,
    0.9235820895522389,
    0.5835074626865672,
    0.7465671641791045,
    0.679179104477612,
    0.7707462686567165,
    0.44455223880597017,
    0.7707462686567165,
    0.7707462686567165
  ],
  "avg_client_acc": 0.6289552238805971,
  "avg_modality_acc": {
    "acce": 0.6517462686567164,
    "gyro": 0.5479253731343284,
    "mage": 0.6871940298507463
  }
}