{
  "client_accs": [
    0.1764179104477612,
    1.0,
    0.06582089552238805,
    0.646044776119403,
    0.6742537313432836,
    0.024253731343283583,
    0.273955223880597,
    0.9235820895522389,
    0.6118656716417911,
    0.23291044776119402,
    0.679179104477612,
    0.7707462686567165,
    0.38350746268656716,
    0.7707462686567165,
    0.7707462686567165
  ],
  "avg_client_acc": 0.5336019900497513,
  "avg_modality_acc": {
    "acce": 0.5125074626865672,
    "gyro": 0.41331343283582084,
    "mage": 0.6749850746268657
  }
}