{
  "client_accs": [
    0.617089552238806,
    1.0,
    0.08298507462686568,
    0.707089552238806,
    1.0,
    0.07567164179104478,
    0.07686567164179105,
    0.9235820895522389,
    0.6118656716417911,
    0.2275373134328358,
    0.679179104477612,
    0.7707462686567165,
    0.36,
    0.7707462686567165,
    0.7707462686567165
  ],
  "avg_client_acc": 0.578273631840796,
  "avg_modality_acc": {
    "acce": 0.6814328358208955,
    "gyro": 0.38310447761194033,
    "mage": 0.6702835820895523
  }
}