{
  "client_accs": [
    0.04805970149253731,
    1.0,
    0.5176119402985074,
    0.707089552238806,
    1.0,
    0.0,
    0.528134328358209,
    0.8336567164179104,
    0.6118656716417911,
    0.7690298507462686,
    0.6614179104477612,
    0.7707462686567165,
    0.44455223880597017,
    0.7707462686567165,
    0.7707462686567165
  ],
  "avg_client_acc": 0.6289104477611941,
  "avg_modality_acc": {
    "acce": 0.6545522388059701,
    "gyro": 0.5485373134328358,
    "mage": 0.6836417910447762
  }
}