{
  "client_accs": [
    0.7035294117647058,
    0.4435294117647059,
    0.5170588235294118,
    0.49117647058823527,
    0.5094117647058823,
    0.6417647058823529,
    0.44058823529411767,
    0.64,
    0.6747058823529412,
    0.6894117647058824,
    0.44176470588235295,
    0.5141176470588236,
    0.5747058823529412,
    0.6035294117647059,
    0.4076470588235294
  ],
  "avg_client_acc": 0.5528627450980392,
  "avg_modality_acc": {
    "acce": 0.5329411764705883,
    "rgb": 0.6172941176470588,
    "depth": 0.5083529411764707
  }
}