{
  "client_accs": [
    0.4261111111111111,
    0.4866666666666667,
    0.5427777777777778,
    0.4261111111111111,
    0.44722222222222224,
    0.4527777777777778,
    0.7066666666666667,
    0.6366666666666667,
    0.4577777777777778,
    0.5072222222222222,
    0.5427777777777778,
    0.42444444444444446,
    0.7066666666666667,
    0.665,
    0.35333333333333333
  ],
  "avg_client_acc": 0.5188148148148148,
  "avg_modality_acc": {
    "acce": 0.46577777777777785,
    "rgb": 0.5522222222222222,
    "depth": 0.5384444444444445
  }
}