{
  "client_accs": [
    0.7035294117647058,
    0.47,
    0.5447058823529412,
    0.5052941176470588,
    0.6088235294117647,
    0.6417647058823529,
    0.44058823529411767,
    0.64,
    0.6747058823529412,
    0.6894117647058824,
    0.4676470588235294,
    0.5752941176470588,
    0.47,
    0.7405882352941177,
    0.5570588235294117
  ],
  "avg_client_acc": 0.5819607843137254,
  "avg_modality_acc": {
    "acce": 0.5664705882352941,
    "rgb": 0.6172941176470588,
    "depth": 0.5621176470588235
  }
}