{
  "client_accs": [
    0.4588888888888889,
    0.5555555555555556,
    0.5183333333333333,
    0.4261111111111111,
    0.4538888888888889,
    0.4527777777777778,
    0.7066666666666667,
    0.6366666666666667,
    0.4577777777777778,
    0.5072222222222222,
    0.5372222222222223,
    0.42444444444444446,
    0.6933333333333334,
    0.68,
    0.2922222222222222
  ],
  "avg_client_acc": 0.5200740740740741,
  "avg_modality_acc": {
    "acce": 0.48255555555555557,
    "rgb": 0.5522222222222222,
    "depth": 0.5254444444444444
  }
}