{
  "client_accs": [
    0.7035294117647058,
    0.4447058823529412,
    0.5247058823529411,
    0.518235294117647,
    0.5123529411764706,
    0.6417647058823529,
    0.44058823529411767,
    0.64,
    0.6747058823529412,
    0.6894117647058824,
    0.4758823529411765,
    0.6188235294117647,
    0.3423529411764706,
    0.6623529411764706,
    0.4976470588235294
  ],
  "avg_client_acc": 0.5591372549019608,
  "avg_modality_acc": {
    "acce": 0.5407058823529411,
    "rgb": 0.6172941176470588,
    "depth": 0.5194117647058824
  }
}