{
  "client_accs": [
    0.4677777777777778,
    0.5577777777777778,
    0.6311111111111111,
    0.4261111111111111,
    0.4538888888888889,
    0.4527777777777778,
    0.7066666666666667,
    0.6366666666666667,
    0.4577777777777778,
    0.5072222222222222,
    0.6683333333333333,
    0.42444444444444446,
    0.7066666666666667,
    0.68,
    0.265
  ],
  "avg_client_acc": 0.5361481481481482,
  "avg_modality_acc": {
    "acce": 0.5073333333333333,
    "rgb": 0.5522222222222222,
    "depth": 0.548888888888889
  }
}