{
  "client_accs": [
    0.7035294117647058,
    0.4752941176470588,
    0.5217647058823529,
    0.5570588235294117,
    0.558235294117647,
    0.6417647058823529,
    0.44058823529411767,
    0.6123529411764705,
    0.6747058823529412,
    0.6894117647058824,
    0.49941176470588233,
    0.5858823529411765,
    0.5958823529411764,
    0.6735294117647059,
    0.3935294117647059
  ],
  "avg_client_acc": 0.5748627450980391,
  "avg_modality_acc": {
    "acce": 0.5631764705882352,
    "rgb": 0.6117647058823529,
    "depth": 0.5496470588235294
  }
}