{
  "client_accs": [
    0.7035294117647058,
    0.38058823529411767,
    0.4776470588235294,
    0.4,
    0.6935294117647058,
    0.6417647058823529,
    0.3864705882352941,
    0.64,
    0.6747058823529412,
    0.6894117647058824,
    0.4470588235294118,
    0.5976470588235294,
    0.64,
    0.5894117647058823,
    0.36470588235294116
  ],
  "avg_client_acc": 0.5550980392156862,
  "avg_modality_acc": {
    "acce": 0.5310588235294117,
    "rgb": 0.6064705882352942,
    "depth": 0.5277647058823529
  }
}