{
  "client_accs": [
    0.4261111111111111,
    0.6677777777777778,
    0.5672222222222222,
    0.4261111111111111,
    0.4538888888888889,
    0.4527777777777778,
    0.7066666666666667,
    0.6366666666666667,
    0.4577777777777778,
    0.5072222222222222,
    0.6627777777777778,
    0.42444444444444446,
    0.7066666666666667,
    0.68,
    0.46111111111111114
  ],
  "avg_client_acc": 0.549148148148148,
  "avg_modality_acc": {
    "acce": 0.5082222222222221,
    "rgb": 0.5522222222222222,
    "depth": 0.5870000000000001
  }
}