{
  "client_accs": [
    0.4261111111111111,
    0.5844444444444444,
    0.5816666666666667,
    0.4261111111111111,
    0.4538888888888889,
    0.4527777777777778,
    0.7066666666666667,
    0.6366666666666667,
    0.4577777777777778,
    0.5072222222222222,
    0.6216666666666667,
    0.42444444444444446,
    0.7066666666666667,
    0.68,
    0.5227777777777778
  ],
  "avg_client_acc": 0.5459259259259259,
  "avg_modality_acc": {
    "acce": 0.49444444444444435,
    "rgb": 0.5522222222222222,
    "depth": 0.5911111111111111
  }
}