{
  "client_accs": [
    0.7035294117647058,
    0.5188235294117647,
    0.5888235294117647,
    0.47411764705882353,
    0.6341176470588236,
    0.6417647058823529,
    0.44058823529411767,
    0.64,
    0.6747058823529412,
    0.6894117647058824,
    0.5588235294117647,
    0.6488235294117647,
    0.6064705882352941,
    0.611764705882353,
    0.36470588235294116
  ],
  "avg_client_acc": 0.5864313725490197,
  "avg_modality_acc": {
    "acce": 0.5838823529411765,
    "rgb": 0.6172941176470588,
    "depth": 0.5581176470588235
  }
}