{
  "client_accs": [
    0.3927777777777778,
    0.565,
    0.5638888888888889,
    0.4261111111111111,
    0.4538888888888889,
    0.4527777777777778,
    0.7066666666666667,
    0.6366666666666667,
    0.4577777777777778,
    0.5072222222222222,
    0.7261111111111112,
    0.42444444444444446,
    0.7066666666666667,
    0.7011111111111111,
    0.2577777777777778
  ],
  "avg_client_acc": 0.5319259259259259,
  "avg_modality_acc": {
    "acce": 0.4803333333333333,
    "rgb": 0.5522222222222222,
    "depth": 0.5632222222222222
  }
}