{
  "client_accs": [
    0.16764462809917355,
    0.16722727272727272,
    0.1504710743801653,
    0.17196280991735538,
    0.16193388429752067,
    0.16181404958677686,
    0.15227685950413222,
    0.14479752066115703,
    0.15614462809917357,
    0.14384297520661157
  ],
  "avg_client_acc": 0.15781157024793385,
  "avg_modality_acc": {
    "acce": 0.1638479338842975,
    "gyro": 0.15177520661157026
  }
}