{
  "client_accs": [
    0.22132050431320505,
    0.2210617120106171,
    0.1613735899137359,
    0.16001990710019906,
    0.23779031187790312,
    0.14903782349037822,
    0.16518248175182482,
    0.16894492368944924,
    0.14282680822826807,
    0.1486595885865959
  ],
  "avg_client_acc": 0.17762176509621766,
  "avg_modality_acc": {
    "acce": 0.20031320504313205,
    "gyro": 0.15493032514930324
  }
}