{
  "client_accs": [
    0.16778925619834711,
    0.16837603305785123,
    0.1413884297520661,
    0.1650495867768595,
    0.16453719008264464,
    0.1621900826446281,
    0.16032644628099174,
    0.1486115702479339,
    0.1529380165289256,
    0.1463099173553719
  ],
  "avg_client_acc": 0.15775165289256196,
  "avg_modality_acc": {
    "acce": 0.16142809917355372,
    "gyro": 0.15407520661157023
  }
}