{
  "client_accs": [
    0.2096615792966158,
    0.2826542800265428,
    0.16272727272727272,
    0.16504976775049768,
    0.20873921698739217,
    0.1849369608493696,
    0.1571134704711347,
    0.1677770404777704,
    0.15522229595222295,
    0.1525481088254811
  ],
  "avg_client_acc": 0.18464299933642997,
  "avg_modality_acc": {
    "acce": 0.20576642335766424,
    "gyro": 0.16351957531519573
  }
}