{
  "client_accs": [
    0.22751652892561983,
    0.17579752066115703,
    0.1728305785123967,
    0.16231404958677687,
    0.16399173553719007,
    0.16201652892561982,
    0.16419421487603306,
    0.1473388429752066,
    0.16365702479338842,
    0.1379090909090909
  ],
  "avg_client_acc": 0.16775661157024793,
  "avg_modality_acc": {
    "acce": 0.1804900826446281,
    "gyro": 0.15502314049586777
  }
}