{
  "client_accs": [
    0.18208264462809917,
    0.16784297520661157,
    0.15468595041322314,
    0.1989504132231405,
    0.16150413223140495,
    0.16194214876033058,
    0.1495413223140496,
    0.12794628099173555,
    0.14822314049586777,
    0.15355371900826445
  ],
  "avg_client_acc": 0.16062727272727276,
  "avg_modality_acc": {
    "acce": 0.1730132231404959,
    "gyro": 0.14824132231404957
  }
}