{
  "client_accs": [
    0.19491705374917054,
    0.23425348374253482,
    0.15017916390179165,
    0.15978765759787658,
    0.1917584605175846,
    0.19253483742534838,
    0.15899137358991375,
    0.14794293297942934,
    0.12818181818181817,
    0.15455872594558726
  ],
  "avg_client_acc": 0.17131055076310547,
  "avg_modality_acc": {
    "acce": 0.18617916390179162,
    "gyro": 0.15644193762441938
  }
}