{
  "client_accs": [
    0.18364462809917356,
    0.16189256198347107,
    0.14394214876033057,
    0.16286776859504132,
    0.15942561983471074,
    0.1636694214876033,
    0.1408305785123967,
    0.17014876033057852,
    0.12780165289256198,
    0.13818595041322315
  ],
  "avg_client_acc": 0.1552409090909091,
  "avg_modality_acc": {
    "acce": 0.16235454545454545,
    "gyro": 0.14812727272727272
  }
}