{
  "client_accs": [
    0.16733471074380166,
    0.1678305785123967,
    0.12738842975206613,
    0.18049173553719008,
    0.16194628099173553,
    0.16226446280991735,
    0.18004545454545454,
    0.14576446280991737,
    0.14826446280991737,
    0.14402479338842974
  ],
  "avg_client_acc": 0.15853553719008265,
  "avg_modality_acc": {
    "acce": 0.16099834710743802,
    "gyro": 0.15607272727272728
  }
}