{
  "client_accs": [
    0.16996694214876032,
    0.16762396694214876,
    0.14988842975206612,
    0.16558264462809918,
    0.16193388429752067,
    0.16193801652892562,
    0.15038016528925618,
    0.14710330578512396,
    0.143400826446281,
    0.16406611570247934
  ],
  "avg_client_acc": 0.1581884297520661,
  "avg_modality_acc": {
    "acce": 0.162999173553719,
    "gyro": 0.1533776859504132
  }
}