{
  "client_accs": [
    0.1635036496350365,
    0.1682083609820836,
    0.16690112806901128,
    0.15988719309887192,
    0.1635368281353683,
    0.15806237558062375,
    0.15763105507631056,
    0.16351028533510284,
    0.14662906436629064,
    0.15452554744525548
  ],
  "avg_client_acc": 0.1602395487723955,
  "avg_modality_acc": {
    "acce": 0.16440743198407431,
    "gyro": 0.15607166556071667
  }
}