{
  "client_accs": [
    0.17215702479338843,
    0.16868181818181818,
    0.1444297520661157,
    0.17387603305785124,
    0.15994628099173555,
    0.1637479338842975,
    0.165,
    0.1798801652892562,
    0.1753305785123967,
    0.1492520661157025
  ],
  "avg_client_acc": 0.16523016528925621,
  "avg_modality_acc": {
    "acce": 0.1638181818181818,
    "gyro": 0.16664214876033057
  }
}