{
  "client_accs": [
    0.16731404958677687,
    0.16742148760330577,
    0.14563636363636365,
    0.1668719008264463,
    0.1619504132231405,
    0.1619214876033058,
    0.1431280991735537,
    0.14494628099173554,
    0.14631404958677685,
    0.14266528925619834
  ],
  "avg_client_acc": 0.15481694214876035,
  "avg_modality_acc": {
    "acce": 0.16183884297520662,
    "gyro": 0.14779504132231405
  }
}