{
  "client_accs": [
    0.22132050431320505,
    0.2210617120106171,
    0.16138022561380225,
    0.16001990710019906,
    0.23779031187790312,
    0.15167883211678831,
    0.16479097544790974,
    0.1701725282017253,
    0.14191771731917718,
    0.14888520238885203
  ],
  "avg_client_acc": 0.17790179163901793,
  "avg_modality_acc": {
    "acce": 0.2003145321831453,
    "gyro": 0.15548905109489053
  }
}