{
  "client_accs": [
    0.17244214876033057,
    0.17217768595041322,
    0.1617396694214876,
    0.1800413223140496,
    0.1660495867768595,
    0.1636404958677686,
    0.16564876033057852,
    0.1601322314049587,
    0.15791735537190082,
    0.1558677685950413
  ],
  "avg_client_acc": 0.16556570247933883,
  "avg_modality_acc": {
    "acce": 0.17049008264462806,
    "gyro": 0.16064132231404962
  }
}