{
  "client_accs": [
    0.15718646317186463,
    0.1687989382879894,
    0.1581353682813537,
    0.1588586595885866,
    0.19583941605839417,
    0.1439482415394824,
    0.15806901128069012,
    0.16472461844724617,
    0.1557266091572661,
    0.1698805573988056
  ],
  "avg_client_acc": 0.16311678832116788,
  "avg_modality_acc": {
    "acce": 0.16776376907763768,
    "gyro": 0.15846980756469808
  }
}