{
  "client_accs": [
    0.1693884297520661,
    0.1689421487603306,
    0.1521487603305785,
    0.16268181818181818,
    0.16193388429752067,
    0.1618884297520661,
    0.14628099173553719,
    0.14710330578512396,
    0.14769421487603307,
    0.1451818181818182
  ],
  "avg_client_acc": 0.15632438016528924,
  "avg_modality_acc": {
    "acce": 0.1630190082644628,
    "gyro": 0.1496297520661157
  }
}