{
  "client_accs": [
    0.16775713337757134,
    0.159907100199071,
    0.16,
    0.1555673523556735,
    0.1515925680159257,
    0.1466224286662243,
    0.16418712674187128,
    0.13950232249502323,
    0.15441937624419377,
    0.15887193098871932
  ],
  "avg_client_acc": 0.15584273390842734,
  "avg_modality_acc": {
    "acce": 0.15896483078964832,
    "gyro": 0.15272063702720637
  }
}