{
  "client_accs": [
    0.05942372881355932,
    0.25190677966101693,
    0.16608474576271187,
    0.2808898305084746,
    0.2650593220338983,
    0.13652542372881357,
    0.26601694915254237,
    0.3569576271186441,
    0.29190677966101697,
    0.14547457627118643,
    0.43192372881355934,
    0.2960508474576271,
    0.12255084745762712,
    0.26595762711864407,
    0.2976440677966102,
    0.3343135593220339,
    0.1581779661016949,
    0.41766101694915253,
    0.6611864406779661,
    0.49777118644067797,
    0.6236440677966102,
    0.5927881355932203,
    0.42254237288135593,
    0.5820762711864407,
    0.2771864406779661,
    0.42034745762711867,
    0.3467796610169491,
    0.5869067796610169,
    0.6808983050847458,
    0.5960593220338983
  ],
  "avg_client_acc": 0.36109039548022603,
  "avg_modality_acc": {
    "acce": 0.24229152542372878,
    "gyro": 0.47988926553672323
  }
}