{
  "client_accs": [
    0.7827449324324325,
    0.7955152027027027,
    0.7695777027027026,
    0.7952702702702703,
    0.7606925675675675,
    0.7961148648648648,
    0.7961148648648648,
    0.7961148648648648,
    0.7961148648648648,
    0.7961148648648648
  ],
  "avg_client_acc": 0.7884375000000002,
  "avg_modality_acc": {
    "acce": 0.7807601351351352,
    "gyro": 0.7961148648648648
  }
}