{
  "client_accs": [
    0.4405677966101695,
    0.39590677966101695,
    0.48272033898305083,
    0.3800677966101695,
    0.21679661016949153,
    0.33259322033898303,
    0.5001694915254238,
    0.4922627118644068,
    0.4635508474576271,
    0.14135593220338982,
    0.5044237288135593,
    0.49009322033898306,
    0.41076271186440677,
    0.29654237288135593,
    0.09146610169491526,
    0.2936101694915254,
    0.7305677966101695,
    0.7713305084745763,
    0.7921016949152543,
    0.7805677966101695,
    0.7895,
    0.7952033898305084,
    0.775906779661017,
    0.7432881355932204,
    0.787542372881356,
    0.7734745762711864,
    0.7923983050847457,
    0.7947627118644068,
    0.7808644067796611,
    0.7923305084745763
  ],
  "avg_client_acc": 0.5610909604519775,
  "avg_modality_acc": {
    "acce": 0.37595197740113,
    "gyro": 0.7462299435028247
  }
}