{
  "client_accs": [
    0.6212077702702703,
    0.24138513513513513,
    0.4501942567567568,
    0.5295439189189189,
    0.25039695945945944,
    0.7900337837837837,
    0.7925168918918919,
    0.7955827702702702,
    0.7911570945945946,
    0.7954983108108108
  ],
  "avg_client_acc": 0.6057516891891892,
  "avg_modality_acc": {
    "acce": 0.4185456081081081,
    "gyro": 0.7929577702702703
  }
}