{
  "client_accs": [
    0.6627449324324325,
    0.25641891891891894,
    0.39647804054054053,
    0.47625844594594596,
    0.471875,
    0.7468834459459459,
    0.7910810810810811,
    0.791402027027027,
    0.7949831081081081,
    0.7893581081081081
  ],
  "avg_client_acc": 0.6177483108108108,
  "avg_modality_acc": {
    "acce": 0.4527550675675676,
    "gyro": 0.7827415540540541
  }
}