{
  "client_accs": [
    0.6707179054054054,
    0.3149493243243243,
    0.35913006756756755,
    0.474535472972973,
    0.3623141891891892,
    0.794214527027027,
    0.7948902027027027,
    0.7947043918918919,
    0.7944847972972973,
    0.7941807432432433
  ],
  "avg_client_acc": 0.6154121621621622,
  "avg_modality_acc": {
    "acce": 0.43632939189189185,
    "gyro": 0.7944949324324324
  }
}