{
  "client_accs": [
    0.6557010135135135,
    0.26961993243243243,
    0.3820523648648649,
    0.4469087837837838,
    0.44327702702702704,
    0.752660472972973,
    0.7916554054054054,
    0.7908192567567568,
    0.7957432432432432,
    0.7910050675675676
  ],
  "avg_client_acc": 0.6119442567567568,
  "avg_modality_acc": {
    "acce": 0.43951182432432434,
    "gyro": 0.7843766891891892
  }
}