{
  "client_accs": [
    0.5319763513513514,
    0.24201013513513514,
    0.1695185810810811,
    0.4322381756756757,
    0.1485472972972973,
    0.783597972972973,
    0.7915540540540541,
    0.7907010135135135,
    0.7346030405405405,
    0.7837922297297297
  ],
  "avg_client_acc": 0.5408538851351351,
  "avg_modality_acc": {
    "acce": 0.3048581081081081,
    "gyro": 0.7768496621621621
  }
}