{
  "client_accs": [
    0.7810135135135136,
    0.35095439189189187,
    0.33152027027027026,
    0.6268918918918919,
    0.43424831081081083,
    0.7408952702702702,
    0.7776520270270271,
    0.7721452702702702,
    0.7948564189189189,
    0.7478547297297298
  ],
  "avg_client_acc": 0.6358032094594593,
  "avg_modality_acc": {
    "acce": 0.5049256756756757,
    "gyro": 0.7666807432432432
  }
}