{
  "client_accs": [
    0.7838175675675676,
    0.3764527027027027,
    0.38305743243243245,
    0.5766047297297298,
    0.41388513513513514,
    0.7374324324324324,
    0.7782601351351351,
    0.7709290540540541,
    0.7948479729729729,
    0.7497719594594595
  ],
  "avg_client_acc": 0.6365059121621622,
  "avg_modality_acc": {
    "acce": 0.5067635135135136,
    "gyro": 0.7662483108108109
  }
}