{
  "client_accs": [
    0.7949831081081081,
    0.4519847972972973,
    0.2998902027027027,
    0.5562753378378379,
    0.3679983108108108,
    0.7472719594594595,
    0.7814949324324324,
    0.7346537162162162,
    0.7936402027027027,
    0.7777787162162162
  ],
  "avg_client_acc": 0.6305971283783783,
  "avg_modality_acc": {
    "acce": 0.4942263513513514,
    "gyro": 0.7669679054054055
  }
}