{
  "client_accs": [
    0.7886993243243243,
    0.6244425675675676,
    0.5940793918918919,
    0.5665287162162163,
    0.6762162162162162,
    0.7740793918918919,
    0.796097972972973,
    0.7960219594594594,
    0.7958361486486486,
    0.7961148648648648
  ],
  "avg_client_acc": 0.7208116554054053,
  "avg_modality_acc": {
    "acce": 0.6499932432432431,
    "gyro": 0.7916300675675675
  }
}