{
  "client_accs": [
    0.6095254237288136,
    0.28253389830508474,
    0.26961016949152544,
    0.6189915254237288,
    0.4488050847457627,
    0.785906779661017,
    0.7932627118644068,
    0.7916016949152542,
    0.7792372881355932,
    0.787313559322034
  ],
  "avg_client_acc": 0.6166788135593221,
  "avg_modality_acc": {
    "acce": 0.44589322033898304,
    "gyro": 0.7874644067796611
  }
}