{
  "client_accs": [
    0.7933023648648648,
    0.795633445945946,
    0.7880912162162163,
    0.7959037162162163,
    0.7029054054054054,
    0.7961148648648648,
    0.796097972972973,
    0.7961148648648648,
    0.7961148648648648,
    0.7961148648648648
  ],
  "avg_client_acc": 0.7856393581081083,
  "avg_modality_acc": {
    "acce": 0.7751672297297297,
    "gyro": 0.7961114864864864
  }
}