{
  "client_accs": [
    0.624535472972973,
    0.22916385135135134,
    0.427972972972973,
    0.5428547297297297,
    0.26519425675675673,
    0.7905574324324325,
    0.7928631756756757,
    0.795633445945946,
    0.7916469594594595,
    0.7951182432432432
  ],
  "avg_client_acc": 0.605554054054054,
  "avg_modality_acc": {
    "acce": 0.4179442567567568,
    "gyro": 0.7931638513513514
  }
}