{
  "client_accs": [
    0.6513260135135135,
    0.26594594594594595,
    0.39649493243243245,
    0.6239611486486486,
    0.42807432432432435,
    0.7911486486486486,
    0.7956841216216216,
    0.7958530405405405,
    0.7896283783783784,
    0.7961148648648648
  ],
  "avg_client_acc": 0.633423141891892,
  "avg_modality_acc": {
    "acce": 0.473160472972973,
    "gyro": 0.7936858108108108
  }
}