{
  "client_accs": [
    0.0181864406779661,
    0.16671186440677965,
    0.008957627118644068,
    0.5852627118644068,
    0.020915254237288135,
    0.41496610169491527,
    0.7273728813559323,
    0.02233050847457627,
    0.09584745762711865,
    0.012703389830508475
  ],
  "avg_client_acc": 0.20732542372881357,
  "avg_modality_acc": {
    "acce": 0.16000677966101695,
    "gyro": 0.25464406779661014
  }
}