{
  "client_accs": [
    0.7956925675675676,
    0.6154560810810811,
    0.7614780405405406,
    0.7961148648648648,
    0.6183868243243243,
    0.7961148648648648,
    0.7960304054054054,
    0.7961148648648648,
    0.7961148648648648,
    0.7961148648648648
  ],
  "avg_client_acc": 0.7567618243243244,
  "avg_modality_acc": {
    "acce": 0.7174256756756757,
    "gyro": 0.7960979729729729
  }
}