{
  "client_accs": [
    0.7919425675675675,
    0.7205405405405405,
    0.48576013513513516,
    0.7960810810810811,
    0.5248986486486487,
    0.7961148648648648,
    0.7961148648648648,
    0.7961148648648648,
    0.7959375,
    0.7961148648648648
  ],
  "avg_client_acc": 0.7299619932432433,
  "avg_modality_acc": {
    "acce": 0.6638445945945947,
    "gyro": 0.7960793918918918
  }
}