{
  "client_accs": [
    0.652195945945946,
    0.26436655405405407,
    0.39971283783783784,
    0.6259797297297297,
    0.42221283783783786,
    0.791241554054054,
    0.7956925675675676,
    0.7958530405405405,
    0.7897804054054054,
    0.7961148648648648
  ],
  "avg_client_acc": 0.6333150337837837,
  "avg_modality_acc": {
    "acce": 0.47289358108108104,
    "gyro": 0.7937364864864864
  }
}