{
  "client_accs": [
    0.10527966101694915,
    0.05840677966101695,
    0.10764406779661016,
    0.5367966101694915,
    0.15645762711864405,
    0.7911779661016949,
    0.7521271186440678,
    0.23989830508474577,
    0.056966101694915255,
    0.015635593220338983,
    0.3284406779661017,
    0.6455254237288136,
    0.5001440677966101,
    0.1674915254237288,
    0.14851694915254238,
    0.004805084745762712,
    0.3517627118644068,
    0.6175,
    0.015771186440677966,
    0.7953728813559322,
    0.6716864406779661,
    0.7954237288135593,
    0.028745762711864405,
    0.7760338983050847,
    0.19833898305084746,
    0.00614406779661017,
    0.7954237288135593,
    0.01977966101694915,
    0.5124152542372882,
    0.09901694915254237
  ],
  "avg_client_acc": 0.34329096045197727,
  "avg_modality_acc": {
    "acce": 0.307367231638418,
    "gyro": 0.3792146892655367
  }
}