{
  "client_accs": [
    0.7954054054054054,
    0.4369256756756757,
    0.5322043918918918,
    0.7737162162162162,
    0.46771114864864866,
    0.7961148648648648,
    0.7961148648648648,
    0.7961148648648648,
    0.7960135135135135,
    0.7961148648648648
  ],
  "avg_client_acc": 0.698643581081081,
  "avg_modality_acc": {
    "acce": 0.6011925675675676,
    "gyro": 0.7960945945945945
  }
}