{
  "client_accs": [
    0.7857347972972973,
    0.6242989864864865,
    0.5707516891891892,
    0.5445016891891892,
    0.6584797297297297,
    0.7649831081081081,
    0.7960810810810811,
    0.795633445945946,
    0.7950844594594595,
    0.7961148648648648
  ],
  "avg_client_acc": 0.7131663851351353,
  "avg_modality_acc": {
    "acce": 0.6367533783783784,
    "gyro": 0.7895793918918919
  }
}