{
  "client_accs": [
    0.794375,
    0.7944594594594595,
    0.6540202702702703,
    0.7961148648648648,
    0.6652280405405405,
    0.7961148648648648,
    0.7961148648648648,
    0.7961148648648648,
    0.7961148648648648,
    0.7961148648648648
  ],
  "avg_client_acc": 0.7684771959459461,
  "avg_modality_acc": {
    "acce": 0.740839527027027,
    "gyro": 0.7961148648648648
  }
}